x1	x2	x3	x4	x5	x6	x7	x8	y
5.40	0.00	0.00	1.62	0.25	10.40	6.76	28	134.43
5.40	0.00	0.00	1.62	0.25	10.55	6.76	28	61.89
3.33	1.43	0.00	2.28	0.00	9.32	5.94	270	40.27
3.33	1.43	0.00	2.28	0.00	9.32	5.94	365	41.05
1.99	1.32	0.00	1.92	0.00	9.78	8.26	360	44.3
2.66	1.14	0.00	2.28	0.00	9.32	6.70	90	47.03
3.80	0.95	0.00	2.28	0.00	9.32	5.94	365	43.7
3.80	0.95	0.00	2.28	0.00	9.32	5.94	28	36.45
2.66	1.14	0.00	2.28	0.00	9.32	6.70	28	45.85
4.75	0.00	0.00	2.28	0.00	9.32	5.94	28	39.29
1.99	1.32	0.00	1.92	0.00	9.78	8.26	90	38.07
1.99	1.32	0.00	1.92	0.00	9.78	8.26	28	28.02
4.28	0.48	0.00	2.28	0.00	9.32	5.94	70	139.12
1.90	1.90	0.00	2.28	0.00	9.32	6.70	90	42.33
3.04	0.76	0.00	2.28	0.00	9.32	6.70	28	47.81
3.80	0.00	0.00	2.28	0.00	9.32	6.70	90	52.91
1.40	2.09	0.00	1.92	0.00	10.47	8.07	90	39.36
3.42	0.38	0.00	2.28	0.00	9.32	6.70	365	56.14
3.80	0.95	0.00	2.28	0.00	9.32	5.94	90	40.56
4.75	0.00	0.00	2.28	0.00	9.32	5.94	180	42.62
4.28	0.48	0.00	2.28	0.00	9.32	5.94	180	41.84
1.40	2.09	0.00	1.92	0.00	10.47	8.07	28	28.24
1.40	2.09	0.00	1.92	0.00	10.47	8.07	3	8.06
1.40	2.09	0.00	1.92	0.00	10.47	8.07	180	44.21
3.80	0.00	0.00	2.28	0.00	9.32	6.70	365	52.52
3.80	0.00	0.00	2.28	0.00	9.32	6.70	270	53.3
3.80	0.95	0.00	2.28	0.00	9.32	5.94	270	41.15
3.42	0.38	0.00	2.28	0.00	9.32	6.70	180	52.12
4.28	0.48	0.00	2.28	0.00	9.32	5.94	28	37.43
4.75	0.00	0.00	2.28	0.00	9.32	5.94	7	38.6
3.04	0.76	0.00	2.28	0.00	9.32	6.70	365	55.26
2.66	1.14	0.00	2.28	0.00	9.32	6.70	365	52.91
1.99	1.32	0.00	1.92	0.00	9.78	8.26	180	41.72
4.75	0.00	0.00	2.28	0.00	9.32	5.94	270	42.13
1.90	1.90	0.00	2.28	0.00	9.32	6.70	365	53.69
2.38	2.38	0.00	2.28	0.00	9.32	5.94	270	38.41
2.38	2.38	0.00	2.28	0.00	9.32	5.94	28	30.08
3.33	1.43	0.00	2.28	0.00	9.32	5.94	90	37.72
4.75	0.00	0.00	2.28	0.00	9.32	5.94	90	42.23
2.38	2.38	0.00	2.28	0.00	9.32	5.94	180	36.25
3.42	0.38	0.00	2.28	0.00	9.32	6.70	90	50.46
4.28	0.48	0.00	2.28	0.00	9.32	5.94	365	43.7
2.38	2.38	0.00	2.28	0.00	9.32	5.94	365	39
3.80	0.00	0.00	2.28	0.00	9.32	6.70	180	53.1
4.28	0.48	0.00	2.28	0.00	9.32	5.94	90	41.54
4.28	0.48	0.00	2.28	0.00	9.32	5.94	7	35.08
3.49	0.00	0.00	1.92	0.00	10.47	8.07	3	15.05
3.80	0.95	0.00	2.28	0.00	9.32	5.94	180	40.76
2.38	2.38	0.00	2.28	0.00	9.32	5.94	7	26.26
3.80	0.95	0.00	2.28	0.00	9.32	5.94	7	32.82
3.33	1.43	0.00	2.28	0.00	9.32	5.94	180	39.78
1.90	1.90	0.00	2.28	0.00	9.32	6.70	180	46.93
2.38	2.38	0.00	2.28	0.00	9.32	5.94	90	33.12
3.04	0.76	0.00	2.28	0.00	9.32	6.70	90	49.19
1.40	2.09	0.00	1.92	0.00	10.47	8.07	7	14.59
1.99	1.32	0.00	1.92	0.00	9.78	8.26	7	14.64
4.75	0.00	0.00	2.28	0.00	9.32	5.94	365	41.93
1.99	1.32	0.00	1.92	0.00	9.78	8.26	3	9.13
3.04	0.76	0.00	2.28	0.00	9.32	6.70	180	50.95
3.33	1.43	0.00	2.28	0.00	9.32	5.94	28	33.02
3.04	0.76	0.00	2.28	0.00	9.32	6.70	270	54.38
2.66	1.14	0.00	2.28	0.00	9.32	6.70	270	51.73
3.10	0.00	0.00	1.92	0.00	9.71	8.51	3	9.87
1.90	1.90	0.00	2.28	0.00	9.32	6.70	270	50.66
2.66	1.14	0.00	2.28	0.00	9.32	6.70	180	48.7
3.42	0.38	0.00	2.28	0.00	9.32	6.70	270	55.06
1.40	2.09	0.00	1.92	0.00	10.47	8.07	360	44.7
3.33	1.43	0.00	2.28	0.00	9.32	5.94	7	30.28
1.90	1.90	0.00	2.28	0.00	9.32	6.70	28	40.86
4.85	0.00	0.00	1.46	0.00	11.20	8.00	28	71.99
3.74	1.89	0.00	1.70	1.01	9.26	7.57	3	34.4
3.13	2.62	0.00	1.76	0.86	10.47	6.12	3	28.8
4.25	1.06	0.00	1.54	1.65	8.52	8.87	3	33.4
4.25	1.06	0.00	1.51	1.86	9.36	8.04	3	36.3
3.75	0.94	0.00	1.27	2.34	8.52	9.93	3	29
4.75	1.19	0.00	1.81	0.89	8.52	7.82	3	37.8
4.69	1.17	0.00	1.38	3.22	8.52	8.41	3	40.2
4.25	1.06	0.00	1.54	1.65	8.52	8.87	3	33.4
3.89	0.97	0.00	1.58	1.21	8.52	9.26	3	28.1
5.31	0.00	0.00	1.42	2.82	8.52	8.94	3	41.3
4.25	1.06	0.00	1.54	1.65	8.52	8.87	3	33.4
3.19	2.13	0.00	1.56	1.43	8.52	8.80	3	25.2
4.02	0.95	0.00	1.47	1.14	9.47	8.52	3	41.1
3.63	1.89	0.00	1.65	1.16	9.45	7.56	3	35.3
3.24	2.83	0.00	1.84	1.03	9.43	6.60	3	28.3
3.80	1.51	0.00	1.54	1.59	11.34	6.05	3	28.6
3.63	1.89	0.00	1.65	1.16	9.45	7.56	3	35.3
2.86	2.01	0.00	1.45	1.12	10.05	8.04	3	24.4
3.63	1.89	0.00	1.65	1.16	9.45	7.56	3	35.3
4.39	1.77	0.00	1.86	1.11	8.85	7.08	3	39.3
3.90	1.89	0.00	1.46	2.20	9.45	7.56	3	40.6
3.63	1.89	0.00	1.65	1.16	9.45	7.56	3	35.3
3.38	1.89	0.00	1.75	0.95	9.45	7.56	3	24.1
3.74	1.89	0.00	1.70	1.01	9.26	7.57	7	46.2
3.13	2.62	0.00	1.76	0.86	10.47	6.12	7	42.8
4.25	1.06	0.00	1.54	1.65	8.52	8.87	7	49.2
4.25	1.06	0.00	1.51	1.86	9.36	8.04	7	46.8
3.75	0.94	0.00	1.27	2.34	8.52	9.93	7	45.7
4.75	1.19	0.00	1.81	0.89	8.52	7.82	7	55.6
4.69	1.17	0.00	1.38	3.22	8.52	8.41	7	54.9
4.25	1.06	0.00	1.54	1.65	8.52	8.87	7	49.2
3.89	0.97	0.00	1.58	1.21	8.52	9.26	7	34.9
5.31	0.00	0.00	1.42	2.82	8.52	8.94	7	46.9
4.25	1.06	0.00	1.54	1.65	8.52	8.87	7	49.2
3.19	2.13	0.00	1.56	1.43	8.52	8.80	7	33.4
4.02	0.95	0.00	1.47	1.14	9.47	8.52	7	54.1
3.63	1.89	0.00	1.65	1.16	9.45	7.56	7	55.9
3.24	2.83	0.00	1.84	1.03	9.43	6.60	7	49.8
3.80	1.51	0.00	1.54	1.59	11.34	6.05	7	47.1
3.63	1.89	0.00	1.65	1.16	9.45	7.56	7	55.9
2.86	2.01	0.00	1.45	1.12	10.05	8.04	7	38
3.63	1.89	0.00	1.65	1.16	9.45	7.56	7	55.9
4.39	1.77	0.00	1.86	1.11	8.85	7.08	7	56.1
3.90	1.89	0.00	1.46	2.20	9.45	7.56	7	59.09
3.63	1.89	0.00	1.65	1.16	9.45	7.56	7	22.9
3.38	1.89	0.00	1.75	0.95	9.45	7.56	7	35.1
3.74	1.89	0.00	1.70	1.01	9.26	7.57	28	61.09
3.13	2.62	0.00	1.76	0.86	10.47	6.12	28	59.8
4.25	1.06	0.00	1.54	1.65	8.52	8.87	28	60.29
4.25	1.06	0.00	1.51	1.86	9.36	8.04	28	61.8
3.75	0.94	0.00	1.27	2.34	8.52	9.93	28	56.7
4.75	1.19	0.00	1.81	0.89	8.52	7.82	28	68.3
4.69	1.17	0.00	1.38	3.22	8.52	8.41	28	66.9
4.25	1.06	0.00	1.54	1.65	8.52	8.87	28	60.29
3.89	0.97	0.00	1.58	1.21	8.52	9.26	28	50.7
5.31	0.00	0.00	1.42	2.82	8.52	8.94	28	56.4
4.25	1.06	0.00	1.54	1.65	8.52	8.87	28	60.29
3.19	2.13	0.00	1.56	1.43	8.52	8.80	28	55.5
4.02	0.95	0.00	1.47	1.14	9.47	8.52	28	68.5
3.63	1.89	0.00	1.65	1.16	9.45	7.56	28	71.3
3.24	2.83	0.00	1.84	1.03	9.43	6.60	28	74.7
3.80	1.51	0.00	1.54	1.59	11.34	6.05	28	52.2
3.63	1.89	0.00	1.65	1.16	9.45	7.56	28	71.3
2.86	2.01	0.00	1.45	1.12	10.05	8.04	28	67.7
3.63	1.89	0.00	1.65	1.16	9.45	7.56	28	71.3
4.39	1.77	0.00	1.86	1.11	8.85	7.08	28	66
3.90	1.89	0.00	1.46	2.20	9.45	7.56	28	74.5
3.63	1.89	0.00	1.65	1.16	9.45	7.56	28	71.3
3.38	1.89	0.00	1.75	0.95	9.45	7.56	28	49.9
3.74	1.89	0.00	1.70	1.01	9.26	7.57	56	63.4
3.13	2.62	0.00	1.76	0.86	10.47	6.12	56	64.9
4.25	1.06	0.00	1.54	1.65	8.52	8.87	56	64.3
4.25	1.06	0.00	1.51	1.86	9.36	8.04	56	64.9
3.75	0.94	0.00	1.27	2.34	8.52	9.93	56	60.2
4.75	1.19	0.00	1.81	0.89	8.52	7.82	56	72.3
4.69	1.17	0.00	1.38	3.22	8.52	8.41	56	69.3
4.25	1.06	0.00	1.54	1.65	8.52	8.87	56	64.3
3.89	0.97	0.00	1.58	1.21	8.52	9.26	56	55.2
5.31	0.00	0.00	1.42	2.82	8.52	8.94	56	58.8
4.25	1.06	0.00	1.54	1.65	8.52	8.87	56	64.3
3.19	2.13	0.00	1.56	1.43	8.52	8.80	56	66.1
4.02	0.95	0.00	1.47	1.14	9.47	8.52	56	73.7
3.63	1.89	0.00	1.65	1.16	9.45	7.56	56	77.3
3.24	2.83	0.00	1.84	1.03	9.43	6.60	56	80.2
3.80	1.51	0.00	1.54	1.59	11.34	6.05	56	54.9
3.63	1.89	0.00	1.65	1.16	9.45	7.56	56	77.3
2.86	2.01	0.00	1.45	1.12	10.05	8.04	56	72.99
3.63	1.89	0.00	1.65	1.16	9.45	7.56	56	77.3
4.39	1.77	0.00	1.86	1.11	8.85	7.08	56	71.7
3.90	1.89	0.00	1.46	2.20	9.45	7.56	56	79.4
3.63	1.89	0.00	1.65	1.16	9.45	7.56	56	77.3
3.38	1.89	0.00	1.75	0.95	9.45	7.56	56	59.89
3.74	1.89	0.00	1.70	1.01	9.26	7.57	91	64.9
3.13	2.62	0.00	1.76	0.86	10.47	6.12	91	66.6
4.25	1.06	0.00	1.54	1.65	8.52	8.87	91	65.2
4.25	1.06	0.00	1.51	1.86	9.36	8.04	91	66.7
3.75	0.94	0.00	1.27	2.34	8.52	9.93	91	62.5
4.75	1.19	0.00	1.81	0.89	8.52	7.82	91	74.19
4.69	1.17	0.00	1.38	3.22	8.52	8.41	91	70.7
4.25	1.06	0.00	1.54	1.65	8.52	8.87	91	65.2
3.89	0.97	0.00	1.58	1.21	8.52	9.26	91	57.6
5.31	0.00	0.00	1.42	2.82	8.52	8.94	91	59.2
4.25	1.06	0.00	1.54	1.65	8.52	8.87	91	65.2
3.19	2.13	0.00	1.56	1.43	8.52	8.80	91	68.1
4.02	0.95	0.00	1.47	1.14	9.47	8.52	91	75.5
3.63	1.89	0.00	1.65	1.16	9.45	7.56	91	79.3
3.80	1.51	0.00	1.54	1.59	11.34	6.05	91	56.5
3.63	1.89	0.00	1.65	1.16	9.45	7.56	91	79.3
2.86	2.01	0.00	1.45	1.12	10.05	8.04	91	76.8
3.63	1.89	0.00	1.65	1.16	9.45	7.56	91	79.3
4.39	1.77	0.00	1.86	1.11	8.85	7.08	91	73.3
3.90	1.89	0.00	1.46	2.20	9.45	7.56	91	82.6
3.63	1.89	0.00	1.65	1.16	9.45	7.56	91	79.3
3.38	1.89	0.00	1.75	0.95	9.45	7.56	91	67.8
2.22	0.00	0.97	1.89	0.45	9.67	8.70	3	11.58
2.22	0.00	0.97	1.89	0.45	9.67	8.70	14	24.45
2.22	0.00	0.97	1.89	0.45	9.67	8.70	28	24.89
2.22	0.00	0.97	1.89	0.45	9.67	8.70	56	29.45
2.22	0.00	0.97	1.89	0.45	9.67	8.70	100	40.71
2.34	0.00	0.95	1.98	0.46	9.47	8.52	3	10.38
2.34	0.00	0.95	1.98	0.46	9.47	8.52	14	22.14
2.34	0.00	0.95	1.98	0.46	9.47	8.52	28	22.84
2.34	0.00	0.95	1.98	0.46	9.47	8.52	56	27.66
2.34	0.00	0.95	1.98	0.46	9.47	8.52	100	34.56
1.95	0.00	1.01	1.66	0.75	10.06	9.06	3	12.45
1.95	0.00	1.01	1.66	0.75	10.06	9.06	14	24.99
1.95	0.00	1.01	1.66	0.75	10.06	9.06	28	25.72
1.95	0.00	1.01	1.66	0.75	10.06	9.06	56	33.96
1.95	0.00	1.01	1.66	0.75	10.06	9.06	100	37.34
1.91	0.00	1.25	1.62	0.78	10.90	8.04	3	15.04
1.91	0.00	1.25	1.62	0.78	10.90	8.04	14	21.06
1.91	0.00	1.25	1.62	0.78	10.90	8.04	28	26.4
1.91	0.00	1.25	1.62	0.78	10.90	8.04	56	35.34
1.91	0.00	1.25	1.62	0.78	10.90	8.04	100	40.57
2.12	0.00	1.22	1.80	0.57	10.58	7.79	3	12.47
2.12	0.00	1.22	1.80	0.57	10.58	7.79	14	20.92
2.12	0.00	1.22	1.80	0.57	10.58	7.79	28	24.9
2.12	0.00	1.22	1.80	0.57	10.58	7.79	56	34.2
2.12	0.00	1.22	1.80	0.57	10.58	7.79	100	39.61
2.30	0.00	1.18	1.95	0.46	10.29	7.59	3	10.03
2.30	0.00	1.18	1.95	0.46	10.29	7.59	14	20.08
2.30	0.00	1.18	1.95	0.46	10.29	7.59	28	24.48
2.30	0.00	1.18	1.95	0.46	10.29	7.59	56	31.54
2.30	0.00	1.18	1.95	0.46	10.29	7.59	100	35.34
1.90	0.00	1.25	1.62	0.99	10.88	8.03	3	9.45
1.90	0.00	1.25	1.62	0.99	10.88	8.03	14	22.72
1.90	0.00	1.25	1.62	0.99	10.88	8.03	28	28.47
1.90	0.00	1.25	1.62	0.99	10.88	8.03	56	38.56
1.90	0.00	1.25	1.62	0.99	10.88	8.03	100	40.39
1.66	0.00	1.63	1.76	0.45	10.59	7.80	3	10.76
1.66	0.00	1.63	1.76	0.45	10.59	7.80	14	25.48
1.66	0.00	1.63	1.76	0.45	10.59	7.80	28	21.54
1.66	0.00	1.63	1.76	0.45	10.59	7.80	56	28.63
1.66	0.00	1.63	1.76	0.45	10.59	7.80	100	33.54
1.68	0.42	1.64	1.22	0.57	10.59	7.80	3	7.75
1.68	0.42	1.64	1.22	0.57	10.59	7.80	14	17.82
1.68	0.42	1.64	1.22	0.57	10.59	7.80	28	24.24
1.68	0.42	1.64	1.22	0.57	10.59	7.80	56	32.85
1.68	0.42	1.64	1.22	0.57	10.59	7.80	100	39.23
2.14	0.98	0.25	1.82	0.69	10.66	7.85	3	18
2.14	0.98	0.25	1.82	0.69	10.66	7.85	14	30.39
2.14	0.98	0.25	1.82	0.69	10.66	7.85	28	45.71
2.14	0.98	0.25	1.82	0.69	10.66	7.85	56	50.77
2.14	0.98	0.25	1.82	0.69	10.66	7.85	100	53.9
2.14	0.98	0.25	1.82	0.67	10.66	7.86	3	13.18
2.14	0.98	0.25	1.82	0.67	10.66	7.86	14	17.84
2.14	0.98	0.25	1.82	0.67	10.66	7.86	28	40.23
2.14	0.98	0.25	1.82	0.67	10.66	7.86	56	47.13
2.14	0.98	0.25	1.82	0.67	10.66	7.86	100	49.97
2.30	0.00	1.18	1.95	0.61	10.28	7.58	3	13.36
2.30	0.00	1.18	1.95	0.61	10.28	7.58	14	22.32
2.30	0.00	1.18	1.95	0.61	10.28	7.58	28	24.54
2.30	0.00	1.18	1.95	0.61	10.28	7.58	56	31.35
2.30	0.00	1.18	1.95	0.61	10.28	7.58	100	40.86
2.38	0.00	0.94	1.87	0.70	9.50	8.47	3	19.93
2.38	0.00	0.94	1.87	0.70	9.50	8.47	14	25.69
2.38	0.00	0.94	1.87	0.70	9.50	8.47	28	30.23
2.38	0.00	0.94	1.87	0.70	9.50	8.47	56	39.59
2.38	0.00	0.94	1.87	0.70	9.50	8.47	100	44.3
2.50	0.00	0.96	1.87	0.55	9.57	8.61	3	13.82
2.50	0.00	0.96	1.87	0.55	9.57	8.61	14	24.92
2.50	0.00	0.96	1.87	0.55	9.57	8.61	28	29.22
2.50	0.00	0.96	1.87	0.55	9.57	8.61	56	38.33
2.50	0.00	0.96	1.87	0.55	9.57	8.61	100	42.35
2.13	0.00	1.00	1.59	0.87	10.08	9.04	3	13.54
2.13	0.00	1.00	1.59	0.87	10.08	9.04	14	26.31
2.13	0.00	1.00	1.59	0.87	10.08	9.04	28	31.64
2.13	0.00	1.00	1.59	0.87	10.08	9.04	56	42.55
2.13	0.00	1.00	1.59	0.87	10.08	9.04	100	42.92
2.13	0.00	1.00	1.59	1.04	10.04	9.04	3	13.33
2.13	0.00	1.00	1.59	1.04	10.04	9.04	14	25.37
2.13	0.00	1.00	1.59	1.04	10.04	9.04	28	37.4
2.13	0.00	1.00	1.59	1.04	10.04	9.04	56	44.4
2.13	0.00	1.00	1.59	1.04	10.04	9.04	100	47.74
2.12	0.00	1.25	1.59	0.78	10.85	8.00	3	19.52
2.12	0.00	1.25	1.59	0.78	10.85	8.00	14	31.35
2.12	0.00	1.25	1.59	0.78	10.85	8.00	28	38.5
2.12	0.00	1.25	1.59	0.78	10.85	8.00	56	45.08
2.12	0.00	1.25	1.59	0.78	10.85	8.00	100	47.82
2.32	0.00	1.22	1.74	0.67	10.56	7.78	3	15.44
2.32	0.00	1.22	1.74	0.67	10.56	7.78	14	26.77
2.32	0.00	1.22	1.74	0.67	10.56	7.78	28	33.73
2.32	0.00	1.22	1.74	0.67	10.56	7.78	56	42.7
2.32	0.00	1.22	1.74	0.67	10.56	7.78	100	45.84
2.51	0.00	1.18	1.88	0.58	10.28	7.58	3	17.22
2.51	0.00	1.18	1.88	0.58	10.28	7.58	14	29.93
2.51	0.00	1.18	1.88	0.58	10.28	7.58	28	29.65
2.51	0.00	1.18	1.88	0.58	10.28	7.58	56	36.97
2.51	0.00	1.18	1.88	0.58	10.28	7.58	100	43.58
2.51	0.00	1.18	1.88	0.64	10.28	7.58	3	13.12
2.51	0.00	1.18	1.88	0.64	10.28	7.58	14	24.43
2.51	0.00	1.18	1.88	0.64	10.28	7.58	28	32.66
2.51	0.00	1.18	1.88	0.64	10.28	7.58	56	36.64
2.51	0.00	1.18	1.88	0.64	10.28	7.58	100	44.21
1.81	0.00	1.67	1.70	0.76	10.56	7.78	3	13.62
1.81	0.00	1.67	1.70	0.76	10.56	7.78	14	21.6
1.81	0.00	1.67	1.70	0.76	10.56	7.78	28	27.77
1.81	0.00	1.67	1.70	0.76	10.56	7.78	56	35.57
1.81	0.00	1.67	1.70	0.76	10.56	7.78	100	45.37
1.82	0.45	1.22	1.70	0.82	10.59	7.81	3	7.32
1.82	0.45	1.22	1.70	0.82	10.59	7.81	14	21.5
1.82	0.45	1.22	1.70	0.82	10.59	7.81	28	31.27
1.82	0.45	1.22	1.70	0.82	10.59	7.81	56	43.5
1.82	0.45	1.22	1.70	0.82	10.59	7.81	100	48.67
1.69	0.42	1.24	1.58	1.08	10.81	7.96	3	7.4
1.69	0.42	1.24	1.58	1.08	10.81	7.96	14	23.51
1.69	0.42	1.24	1.58	1.08	10.81	7.96	28	31.12
1.69	0.42	1.24	1.58	1.08	10.81	7.96	56	39.15
1.69	0.42	1.24	1.58	1.08	10.81	7.96	100	48.15
2.90	0.00	0.96	1.68	0.94	9.61	8.65	3	22.5
2.90	0.00	0.96	1.68	0.94	9.61	8.65	14	34.67
2.90	0.00	0.96	1.68	0.94	9.61	8.65	28	34.74
2.90	0.00	0.96	1.68	0.94	9.61	8.65	56	45.08
2.90	0.00	0.96	1.68	0.94	9.61	8.65	100	48.97
2.77	0.00	0.97	1.61	1.18	9.74	8.76	3	23.14
2.77	0.00	0.97	1.61	1.18	9.74	8.76	14	41.89
2.77	0.00	0.97	1.61	1.18	9.74	8.76	28	48.28
2.77	0.00	0.97	1.61	1.18	9.74	8.76	56	51.04
2.77	0.00	0.97	1.61	1.18	9.74	8.76	100	55.64
2.96	0.00	0.96	1.72	0.89	9.55	8.59	3	22.95
2.96	0.00	0.96	1.72	0.89	9.55	8.59	14	35.23
2.96	0.00	0.96	1.72	0.89	9.55	8.59	28	39.94
2.96	0.00	0.96	1.72	0.89	9.55	8.59	56	48.72
2.96	0.00	0.96	1.72	0.89	9.55	8.59	100	52.04
2.52	0.00	1.00	1.46	1.24	10.06	9.00	3	21.02
2.52	0.00	1.00	1.46	1.24	10.06	9.00	14	33.36
2.52	0.00	1.00	1.46	1.24	10.06	9.00	28	33.94
2.52	0.00	1.00	1.46	1.24	10.06	9.00	56	44.14
2.52	0.00	1.00	1.46	1.24	10.06	9.00	100	45.37
2.49	0.00	0.99	1.58	1.28	9.88	8.89	3	15.36
2.49	0.00	0.99	1.58	1.28	9.88	8.89	14	28.68
2.49	0.00	0.99	1.58	1.28	9.88	8.89	28	30.85
2.49	0.00	0.99	1.58	1.28	9.88	8.89	56	42.03
2.49	0.00	0.99	1.58	1.28	9.88	8.89	100	51.06
2.52	0.00	0.99	1.46	1.42	9.88	8.89	3	21.78
2.52	0.00	0.99	1.46	1.42	9.88	8.89	14	42.29
2.52	0.00	0.99	1.46	1.42	9.88	8.89	28	50.6
2.52	0.00	0.99	1.46	1.42	9.88	8.89	56	55.83
2.52	0.00	0.99	1.46	1.42	9.88	8.89	100	60.95
2.47	0.00	1.25	1.43	1.20	10.87	8.01	3	23.52
2.47	0.00	1.25	1.43	1.20	10.87	8.01	14	42.22
2.47	0.00	1.25	1.43	1.20	10.87	8.01	28	52.5
2.47	0.00	1.25	1.43	1.20	10.87	8.01	56	60.32
2.47	0.00	1.25	1.43	1.20	10.87	8.01	100	66.42
2.75	0.00	1.21	1.59	0.99	10.54	7.78	3	23.8
2.75	0.00	1.21	1.59	0.99	10.54	7.78	14	38.77
2.75	0.00	1.21	1.59	0.99	10.54	7.78	28	51.33
2.75	0.00	1.21	1.59	0.99	10.54	7.78	56	56.85
2.75	0.00	1.21	1.59	0.99	10.54	7.78	100	58.61
2.97	0.00	1.18	1.75	0.95	10.23	7.53	3	21.91
2.97	0.00	1.18	1.75	0.95	10.23	7.53	14	36.99
2.97	0.00	1.18	1.75	0.95	10.23	7.53	28	47.4
2.97	0.00	1.18	1.75	0.95	10.23	7.53	56	51.96
2.97	0.00	1.18	1.75	0.95	10.23	7.53	100	56.74
2.14	0.00	1.75	1.55	1.02	10.54	7.76	3	17.57
2.14	0.00	1.75	1.55	1.02	10.54	7.76	14	33.73
2.14	0.00	1.75	1.55	1.02	10.54	7.76	28	40.15
2.14	0.00	1.75	1.55	1.02	10.54	7.76	56	46.64
2.14	0.00	1.75	1.55	1.02	10.54	7.76	100	50.08
2.14	0.00	1.74	1.55	1.17	10.52	7.75	3	17.37
2.14	0.00	1.74	1.55	1.17	10.52	7.75	14	33.7
2.14	0.00	1.74	1.55	1.17	10.52	7.75	28	45.94
2.14	0.00	1.74	1.55	1.17	10.52	7.75	56	51.43
2.14	0.00	1.74	1.55	1.17	10.52	7.75	100	59.3
2.77	0.98	0.24	1.61	1.12	10.62	7.82	3	30.45
2.77	0.98	0.24	1.61	1.12	10.62	7.82	14	47.71
2.77	0.98	0.24	1.61	1.12	10.62	7.82	28	63.14
2.77	0.98	0.24	1.61	1.12	10.62	7.82	56	66.82
2.77	0.98	0.24	1.61	1.12	10.62	7.82	100	66.95
2.18	0.55	1.24	1.41	1.19	10.76	7.93	3	27.42
2.18	0.55	1.24	1.41	1.19	10.76	7.93	14	35.96
2.18	0.55	1.24	1.41	1.19	10.76	7.93	28	55.51
2.18	0.55	1.24	1.41	1.19	10.76	7.93	56	61.99
2.18	0.55	1.24	1.41	1.19	10.76	7.93	100	63.53
2.15	0.54	1.22	1.56	0.96	10.14	7.81	3	18.02
2.15	0.54	1.22	1.56	0.96	10.14	7.81	14	38.6
2.15	0.54	1.22	1.56	0.96	10.14	7.81	28	52.2
2.15	0.54	1.22	1.56	0.96	10.14	7.81	56	53.96
2.15	0.54	1.22	1.56	0.96	10.14	7.81	100	56.63
2.19	0.00	1.24	1.58	1.13	10.79	7.95	3	15.34
2.19	0.00	1.24	1.58	1.13	10.79	7.95	14	26.05
2.19	0.00	1.24	1.58	1.13	10.79	7.95	28	30.22
2.19	0.00	1.24	1.58	1.13	10.79	7.95	56	37.27
2.19	0.00	1.24	1.58	1.13	10.79	7.95	100	46.23
3.76	0.00	0.00	2.15	0.00	10.04	7.62	3	16.28
3.76	0.00	0.00	2.15	0.00	10.04	7.62	14	25.62
3.76	0.00	0.00	2.15	0.00	10.04	7.62	28	31.97
3.76	0.00	0.00	2.15	0.00	10.04	7.62	56	36.3
3.76	0.00	0.00	2.15	0.00	10.04	7.62	100	43.06
5.00	0.00	0.00	1.40	0.40	9.66	8.53	28	67.57
4.75	0.00	0.59	1.42	0.19	10.98	6.41	28	57.23
3.15	1.37	0.00	1.45	0.59	11.30	7.45	28	120.34
5.05	0.00	0.60	1.95	0.00	10.30	6.30	28	64.02
4.51	0.00	0.00	1.65	1.13	10.30	7.45	28	78.8
5.16	0.00	0.00	1.62	0.82	8.01	8.02	28	41.37
5.20	0.00	0.00	1.70	0.52	8.55	8.55	28	60.28
5.28	0.00	0.00	1.85	0.69	9.20	7.20	28	56.83
5.20	0.00	0.00	1.75	0.52	8.70	8.05	28	51.02
3.85	0.00	1.36	1.58	2.00	9.03	7.68	28	55.55
5.00	0.00	0.00	2.00	0.30	11.24	6.13	28	44.13
4.50	0.50	0.00	2.00	0.30	11.24	6.13	28	39.38
3.97	0.17	1.58	1.67	2.08	9.67	6.33	28	55.65
3.33	0.18	1.63	1.67	1.79	9.96	6.52	28	47.28
3.34	0.18	1.58	1.89	1.53	9.67	6.33	28	44.33
4.05	0.00	0.00	1.75	0.00	11.20	6.95	28	52.3
2.00	2.00	0.00	1.90	0.00	11.45	6.60	28	49.25
5.16	0.00	0.00	1.62	0.83	8.01	8.02	28	41.37
1.45	1.16	1.19	1.84	0.57	8.33	8.80	28	29.16
1.60	1.28	1.22	1.82	0.64	8.24	8.79	28	39.4
2.34	1.56	0.00	1.89	0.59	9.81	7.60	28	39.3
2.50	1.80	0.95	1.59	0.95	8.60	8.00	28	67.87
4.75	0.00	0.00	1.62	0.95	10.44	6.62	28	58.52
2.85	1.90	0.00	1.63	0.76	10.31	6.85	28	53.58
3.56	1.19	0.00	1.60	0.90	10.61	6.57	28	59
2.75	1.80	1.20	1.62	1.04	8.30	7.65	28	76.24
5.00	0.00	0.00	1.51	0.90	10.33	6.55	28	69.84
1.65	0.00	1.44	1.64	0.00	10.06	9.01	3	14.4
1.65	1.29	1.32	1.75	0.81	10.06	7.47	3	19.42
1.78	1.30	1.19	1.80	0.36	10.07	7.47	3	20.73
1.67	1.30	1.29	1.75	0.78	10.06	7.47	3	14.94
1.72	0.14	1.72	1.57	0.41	10.06	8.56	3	21.29
1.74	0.50	1.74	1.65	0.65	10.06	7.94	3	23.08
1.67	0.75	1.67	1.64	0.79	10.07	7.70	3	15.52
1.74	0.93	1.60	1.72	0.97	10.07	7.47	3	15.82
1.90	0.00	1.25	1.67	0.99	10.79	7.99	3	12.55
2.50	0.00	0.96	1.92	0.53	9.49	8.57	3	8.49
2.14	0.00	1.74	1.59	1.17	10.44	7.72	3	15.61
1.95	0.00	1.01	1.70	0.75	9.98	9.02	3	12.18
2.51	0.00	1.18	1.93	0.58	10.44	7.54	3	11.98
1.65	0.00	1.44	1.64	0.00	10.06	9.01	14	16.88
1.65	1.29	1.32	1.75	0.81	10.06	7.47	14	33.09
1.78	1.30	1.19	1.80	0.36	10.07	7.47	14	34.24
1.67	1.30	1.29	1.75	0.78	10.06	7.47	14	31.81
1.72	0.14	1.72	1.57	0.41	10.06	8.56	14	29.75
1.74	0.50	1.74	1.65	0.65	10.06	7.94	14	33.01
1.67	0.75	1.67	1.64	0.79	10.07	7.70	14	32.9
1.74	0.93	1.60	1.72	0.97	10.07	7.47	14	29.55
1.90	0.00	1.25	1.67	0.99	10.79	7.99	14	19.42
2.50	0.00	0.96	1.92	0.53	9.49	8.57	14	24.66
2.14	0.00	1.74	1.59	1.17	10.44	7.72	14	29.59
1.95	0.00	1.01	1.70	0.75	9.98	9.02	14	24.28
2.51	0.00	1.18	1.93	0.58	10.44	7.54	14	20.73
1.65	0.00	1.44	1.64	0.00	10.06	9.01	28	26.2
1.65	1.29	1.32	1.75	0.81	10.06	7.47	28	46.39
1.78	1.30	1.19	1.80	0.36	10.07	7.47	28	39.16
1.67	1.30	1.29	1.75	0.78	10.06	7.47	28	41.2
1.72	0.14	1.72	1.57	0.41	10.06	8.56	28	33.69
1.74	0.50	1.74	1.65	0.65	10.06	7.94	28	38.2
1.67	0.75	1.67	1.64	0.79	10.07	7.70	28	41.41
1.74	0.93	1.60	1.72	0.97	10.07	7.47	28	37.81
1.90	0.00	1.25	1.67	0.99	10.79	7.99	28	24.85
2.50	0.00	0.96	1.92	0.53	9.49	8.57	28	27.22
2.14	0.00	1.74	1.59	1.17	10.44	7.72	28	44.64
1.95	0.00	1.01	1.70	0.75	9.98	9.02	28	37.27
2.51	0.00	1.18	1.93	0.58	10.44	7.54	28	33.27
1.65	0.00	1.44	1.64	0.00	10.06	9.01	56	36.56
1.65	1.29	1.32	1.75	0.81	10.06	7.47	56	53.72
1.78	1.30	1.19	1.80	0.36	10.07	7.47	56	48.59
1.67	1.30	1.29	1.75	0.78	10.06	7.47	56	51.72
1.72	0.14	1.72	1.57	0.41	10.06	8.56	56	35.85
1.74	0.50	1.74	1.65	0.65	10.06	7.94	56	53.77
1.67	0.75	1.67	1.64	0.79	10.07	7.70	56	53.46
1.74	0.93	1.60	1.72	0.97	10.07	7.47	56	48.99
1.90	0.00	1.25	1.67	0.99	10.79	7.99	56	31.72
2.50	0.00	0.96	1.92	0.53	9.49	8.57	56	39.64
2.14	0.00	1.74	1.59	1.17	10.44	7.72	56	51.26
1.95	0.00	1.01	1.70	0.75	9.98	9.02	56	43.39
2.51	0.00	1.18	1.93	0.58	10.44	7.54	56	39.27
1.65	0.00	1.44	1.64	0.00	10.06	9.01	100	37.96
1.65	1.29	1.32	1.75	0.81	10.06	7.47	100	55.02
1.78	1.30	1.19	1.80	0.36	10.07	7.47	100	49.99
1.67	1.30	1.29	1.75	0.78	10.06	7.47	100	53.66
1.72	0.14	1.72	1.57	0.41	10.06	8.56	100	37.68
1.74	0.50	1.74	1.65	0.65	10.06	7.94	100	56.06
1.67	0.75	1.67	1.64	0.79	10.07	7.70	100	56.81
1.74	0.93	1.60	1.72	0.97	10.07	7.47	100	50.94
1.90	0.00	1.25	1.67	0.99	10.79	7.99	100	33.56
2.50	0.00	0.96	1.92	0.53	9.49	8.57	100	41.16
2.14	0.00	1.74	1.59	1.17	10.44	7.72	100	52.96
1.95	0.00	1.01	1.70	0.75	9.98	9.02	100	44.28
2.51	0.00	1.18	1.93	0.58	10.44	7.54	100	40.15
4.46	0.24	0.79	1.62	1.16	9.67	7.12	28	57.03
4.46	0.24	0.79	1.62	1.16	9.67	7.12	28	44.42
4.46	0.24	0.79	1.62	1.16	9.67	7.12	28	51.02
4.46	0.24	0.79	1.62	1.03	9.67	7.12	28	53.39
4.46	0.24	0.79	1.62	1.16	9.67	7.12	3	35.36
4.46	0.24	0.79	1.62	1.16	9.67	7.12	3	25.02
4.46	0.24	0.79	1.62	1.16	9.67	7.12	3	23.35
4.46	0.24	0.79	1.62	1.16	9.67	7.12	7	52.01
4.46	0.24	0.79	1.62	1.16	9.67	7.12	7	38.02
4.46	0.24	0.79	1.62	1.16	9.67	7.12	7	39.3
4.46	0.24	0.79	1.62	1.16	9.67	7.12	56	61.07
4.46	0.24	0.79	1.62	1.16	9.67	7.12	56	56.14
4.46	0.24	0.79	1.62	1.16	9.67	7.12	56	55.25
4.46	0.24	0.79	1.62	1.03	9.67	7.12	56	54.77
3.87	0.20	0.94	1.57	1.43	9.38	8.45	28	50.24
3.87	0.20	0.94	1.57	1.39	9.38	8.45	28	46.68
3.87	0.20	0.94	1.57	1.16	9.38	8.45	28	46.68
3.87	0.20	0.94	1.57	1.43	9.38	8.45	3	22.75
3.87	0.20	0.94	1.57	1.39	9.38	8.45	3	25.51
3.87	0.20	0.94	1.57	1.16	9.38	8.45	3	34.77
3.87	0.20	0.94	1.57	1.43	9.38	8.45	7	36.84
3.87	0.20	0.94	1.57	1.39	9.38	8.45	7	45.9
3.87	0.20	0.94	1.57	1.16	9.38	8.45	7	41.67
3.87	0.20	0.94	1.57	1.43	9.38	8.45	56	56.34
3.87	0.20	0.94	1.57	1.39	9.38	8.45	56	47.97
3.87	0.20	0.94	1.57	1.16	9.38	8.45	56	61.46
3.55	0.19	0.97	1.45	1.31	9.67	8.71	28	44.03
3.55	0.19	0.97	1.45	1.23	9.67	8.71	28	55.45
4.91	0.26	1.23	2.10	0.39	8.82	6.99	28	55.55
4.91	0.26	1.23	2.01	0.39	8.22	6.99	28	57.92
4.91	0.26	1.23	2.10	0.39	8.82	6.99	3	25.61
4.91	0.26	1.23	2.10	0.39	8.82	6.99	7	33.49
4.91	0.26	1.23	2.10	0.39	8.82	6.99	56	59.59
4.91	0.26	1.23	2.01	0.39	8.22	6.99	3	29.55
4.91	0.26	1.23	2.01	0.39	8.22	6.99	7	37.92
4.91	0.26	1.23	2.01	0.39	8.22	6.99	56	61.86
4.24	0.22	1.32	1.78	0.85	8.22	7.50	28	62.05
4.24	0.22	1.32	1.78	0.85	8.82	7.50	3	32.01
4.24	0.22	1.32	1.68	0.89	8.22	7.50	28	72.1
4.24	0.22	1.32	1.78	0.85	8.22	7.50	7	39
4.24	0.22	1.32	1.78	0.85	8.22	7.50	56	65.7
4.24	0.22	1.32	1.68	0.89	8.22	7.50	3	32.11
4.24	0.22	1.32	1.68	0.89	8.22	7.50	7	40.29
4.24	0.22	1.32	1.68	0.89	8.22	7.50	56	74.36
2.02	0.11	1.41	2.06	0.17	9.42	8.01	28	21.97
2.02	0.11	1.41	2.06	0.17	9.42	8.01	3	9.85
2.02	0.11	1.41	2.06	0.17	9.42	8.01	7	15.07
2.02	0.11	1.41	2.06	0.17	9.42	8.01	56	23.25
2.84	0.15	1.41	1.79	0.55	8.42	8.01	28	43.73
2.84	0.15	1.41	1.79	0.55	8.42	8.01	3	13.4
2.84	0.15	1.41	1.79	0.55	8.42	8.01	7	24.13
2.84	0.15	1.41	1.79	0.55	8.42	8.01	56	44.52
3.59	0.19	1.41	1.54	1.09	9.42	8.01	28	62.94
3.59	0.19	1.41	1.54	1.09	9.42	8.01	28	59.49
3.59	0.19	1.41	1.54	1.09	9.42	8.01	3	25.12
3.59	0.19	1.41	1.54	1.09	9.42	8.01	3	23.64
3.59	0.19	1.41	1.54	1.09	9.42	8.01	7	35.75
3.59	0.19	1.41	1.54	1.09	9.42	8.01	7	38.61
3.59	0.19	1.41	1.54	1.09	9.42	8.01	56	68.75
3.59	0.19	1.41	1.54	1.09	9.42	8.01	56	66.78
4.36	0.00	0.00	2.18	0.00	8.38	7.20	28	23.85
2.89	0.00	0.00	1.92	0.00	9.13	8.95	90	32.07
2.89	0.00	0.00	1.92	0.00	9.13	8.95	3	11.65
3.93	0.00	0.00	1.92	0.00	9.41	7.86	3	19.2
3.93	0.00	0.00	1.92	0.00	9.41	7.86	90	48.85
3.93	0.00	0.00	1.92	0.00	9.41	7.86	28	39.6
4.80	0.00	0.00	1.92	0.00	9.36	7.12	28	43.94
4.80	0.00	0.00	1.92	0.00	9.36	7.12	7	34.57
4.80	0.00	0.00	1.92	0.00	9.36	7.12	90	54.32
4.80	0.00	0.00	1.92	0.00	9.36	7.12	3	24.4
3.33	0.00	0.00	1.92	0.00	9.31	8.43	3	15.62
2.55	0.00	0.00	1.92	0.00	8.90	9.45	90	21.86
2.55	0.00	0.00	1.92	0.00	8.90	9.45	7	10.22
2.89	0.00	0.00	1.92	0.00	9.13	8.95	7	14.6
2.55	0.00	0.00	1.92	0.00	8.90	9.45	28	18.75
3.33	0.00	0.00	1.92	0.00	9.31	8.43	28	31.97
3.33	0.00	0.00	1.92	0.00	9.31	8.43	7	23.4
2.89	0.00	0.00	1.92	0.00	9.13	8.95	28	25.57
3.33	0.00	0.00	1.92	0.00	9.31	8.43	90	41.68
3.93	0.00	0.00	1.92	0.00	9.41	7.86	7	27.74
2.55	0.00	0.00	1.92	0.00	8.90	9.45	3	8.2
1.59	2.38	0.00	1.86	0.00	10.41	7.34	7	9.62
2.40	3.59	0.00	1.86	0.00	9.42	6.64	7	25.42
2.38	1.59	0.00	1.86	0.00	10.41	7.34	7	15.69
1.82	2.73	0.00	1.86	0.00	10.12	7.14	28	27.94
1.94	2.90	0.00	1.86	0.00	9.98	7.04	28	32.63
2.56	1.70	0.00	1.86	0.00	10.27	7.24	7	17.24
2.73	1.82	0.00	1.86	0.00	10.12	7.14	7	19.77
2.40	3.59	0.00	1.86	0.00	9.42	6.64	28	39.44
2.21	1.47	0.00	1.86	0.00	10.55	7.44	28	25.75
3.97	0.00	0.00	1.86	0.00	10.41	7.34	28	33.08
3.83	0.00	0.00	1.86	0.00	10.48	7.39	7	24.07
2.11	3.16	0.00	1.86	0.00	9.77	6.89	7	21.82
1.59	2.38	0.00	1.86	0.00	10.41	7.34	28	21.07
2.96	0.00	0.00	1.86	0.00	10.91	7.69	7	14.84
2.56	1.70	0.00	1.86	0.00	10.27	7.24	28	32.05
2.04	1.36	0.00	1.86	0.00	10.76	7.59	7	11.96
3.97	0.00	0.00	1.86	0.00	10.41	7.34	7	25.45
3.81	0.00	0.00	1.86	0.00	11.05	7.84	28	22.49
2.96	0.00	0.00	1.86	0.00	10.91	7.69	28	25.22
2.28	3.42	0.00	1.86	0.00	9.56	6.74	28	39.7
2.21	1.47	0.00	1.86	0.00	10.55	7.44	7	13.09
3.16	2.11	0.00	1.86	0.00	9.77	6.89	28	38.7
1.36	2.04	0.00	1.86	0.00	10.76	7.59	7	7.51
2.38	0.00	0.00	1.86	0.00	11.19	7.89	28	17.58
3.39	0.00	0.00	1.86	0.00	10.69	7.54	7	21.18
1.36	2.04	0.00	1.86	0.00	10.76	7.59	28	18.2
1.94	2.90	0.00	1.86	0.00	9.98	7.04	7	17.2
2.04	1.36	0.00	1.86	0.00	10.76	7.59	28	22.63
2.90	1.94	0.00	1.86	0.00	9.98	7.04	7	21.86
1.82	2.73	0.00	1.86	0.00	10.12	7.14	7	12.37
1.70	1.56	0.00	1.86	0.00	10.27	7.24	28	25.73
2.11	3.16	0.00	1.86	0.00	9.77	6.89	28	37.81
2.28	3.42	0.00	1.86	0.00	9.56	6.74	7	21.92
2.90	1.94	0.00	1.86	0.00	9.98	7.04	28	33.04
3.81	0.00	0.00	1.86	0.00	11.05	7.84	7	14.54
2.38	1.59	0.00	1.86	0.00	10.41	7.34	28	26.91
1.86	1.24	0.00	1.86	0.00	10.83	7.64	7	8
3.39	0.00	0.00	1.86	0.00	10.69	7.54	28	31.9
2.38	0.00	0.00	1.86	0.00	11.19	7.89	7	10.34
2.53	0.00	0.00	1.86	0.00	11.12	7.84	28	19.77
3.83	0.00	0.00	1.86	0.00	10.48	7.39	28	37.44
2.53	0.00	0.00	1.86	0.00	11.12	7.84	7	11.48
3.16	2.11	0.00	1.86	0.00	9.77	6.89	7	24.44
1.86	1.24	0.00	1.86	0.30	1.83	2.64	28	17.6
1.70	1.56	0.00	1.86	0.00	10.27	7.24	7	10.73
2.73	1.82	0.00	1.86	0.00	10.12	7.14	28	31.38
3.39	0.00	0.00	1.97	0.00	9.68	7.81	3	13.22
3.39	0.00	0.00	1.97	0.00	9.68	7.81	7	20.97
3.39	0.00	0.00	1.97	0.00	9.68	7.81	14	27.04
3.39	0.00	0.00	1.97	0.00	9.68	7.81	28	32.04
3.39	0.00	0.00	1.97	0.00	9.68	7.81	90	35.17
3.39	0.00	0.00	1.97	0.00	9.68	7.81	180	36.45
3.39	0.00	0.00	1.97	0.00	9.68	7.81	365	38.89
2.36	0.00	0.00	1.94	0.00	9.68	8.85	3	6.47
2.36	0.00	0.00	1.94	0.00	9.68	8.85	14	12.84
2.36	0.00	0.00	1.94	0.00	9.68	8.85	28	18.42
2.36	0.00	0.00	1.94	0.00	9.68	8.85	90	21.95
2.36	0.00	0.00	1.93	0.00	9.68	8.85	180	24.1
2.36	0.00	0.00	1.93	0.00	9.68	8.85	365	25.08
2.77	0.00	0.00	1.91	0.00	9.68	8.56	14	21.26
2.77	0.00	0.00	1.91	0.00	9.68	8.56	28	25.97
2.77	0.00	0.00	1.91	0.00	9.68	8.56	3	11.36
2.77	0.00	0.00	1.91	0.00	9.68	8.56	90	31.25
2.77	0.00	0.00	1.91	0.00	9.68	8.56	180	32.33
2.77	0.00	0.00	1.91	0.00	9.68	8.56	360	33.7
2.54	0.00	0.00	1.98	0.00	9.68	8.63	3	9.31
2.54	0.00	0.00	1.98	0.00	9.68	8.63	90	26.94
2.54	0.00	0.00	1.98	0.00	9.68	8.63	180	27.63
2.54	0.00	0.00	1.98	0.00	9.68	8.63	365	29.79
3.07	0.00	0.00	1.93	0.00	9.68	8.12	180	34.49
3.07	0.00	0.00	1.93	0.00	9.68	8.12	365	36.15
3.07	0.00	0.00	1.93	0.00	9.68	8.12	3	12.54
3.07	0.00	0.00	1.93	0.00	9.68	8.12	28	27.53
3.07	0.00	0.00	1.93	0.00	9.68	8.12	90	32.92
2.36	0.00	0.00	1.93	0.00	9.68	8.85	7	9.99
2.00	0.00	0.00	1.80	0.00	11.25	8.45	7	7.84
2.00	0.00	0.00	1.80	0.00	11.25	8.45	28	12.25
2.25	0.00	0.00	1.81	0.00	11.13	8.33	7	11.17
2.25	0.00	0.00	1.81	0.00	11.13	8.33	28	17.34
3.25	0.00	0.00	1.84	0.00	10.63	7.83	7	17.54
3.25	0.00	0.00	1.84	0.00	10.63	7.83	28	30.57
2.75	0.00	0.00	1.83	0.00	10.88	8.08	7	14.2
2.75	0.00	0.00	1.83	0.00	10.88	8.08	28	24.5
3.00	0.00	0.00	1.84	0.00	10.75	7.95	7	15.58
3.00	0.00	0.00	1.84	0.00	10.75	7.95	28	26.85
3.75	0.00	0.00	1.86	0.00	10.38	7.58	7	26.06
3.75	0.00	0.00	1.86	0.00	10.38	7.58	28	38.21
4.00	0.00	0.00	1.87	0.00	10.25	7.45	56	1.24
4.00	0.00	0.00	1.87	0.00	10.25	7.45	7	30.14
2.50	0.00	0.00	1.82	0.00	11.00	8.20	7	12.73
2.50	0.00	0.00	1.82	0.00	11.00	8.20	28	20.87
3.50	0.00	0.00	1.86	0.00	10.50	7.70	7	20.28
3.50	0.00	0.00	1.86	0.00	10.50	7.70	28	34.29
2.04	3.05	0.00	2.04	0.00	9.63	6.30	7	19.54
2.50	1.67	0.00	2.04	0.00	9.78	6.94	90	47.71
1.57	2.36	0.00	1.92	0.00	9.35	7.81	90	43.38
1.41	2.12	0.00	2.04	0.00	9.72	7.49	28	29.89
1.67	2.50	0.00	2.04	0.00	9.76	6.93	3	6.9
1.23	1.84	0.00	2.04	0.00	9.58	8.00	90	33.19
1.84	1.23	0.00	2.04	0.00	9.59	8.00	3	4.9
1.02	1.53	0.00	1.92	0.00	8.87	9.42	3	4.57
1.02	1.53	0.00	1.92	0.00	8.87	9.42	90	25.46
1.23	1.84	0.00	2.04	0.00	9.58	8.00	28	24.29
1.67	2.50	0.00	2.04	0.00	9.76	6.93	28	33.95
2.00	1.33	0.00	1.92	0.00	9.65	8.06	3	11.41
1.08	1.62	0.00	2.04	0.00	9.38	8.49	28	20.59
3.05	2.04	0.00	2.04	0.00	9.65	6.31	7	25.89
1.08	1.62	0.00	2.04	0.00	9.38	8.49	90	29.23
1.16	1.73	0.00	1.92	0.00	9.10	8.92	90	31.02
1.41	2.12	0.00	2.04	0.00	9.72	7.49	7	10.39
1.57	2.36	0.00	1.92	0.00	9.35	7.81	28	33.66
1.33	2.00	0.00	1.92	0.00	9.27	8.39	28	27.87
2.50	1.67	0.00	2.04	0.00	9.78	6.94	7	19.35
1.73	1.16	0.00	1.92	0.00	9.47	8.57	7	11.39
1.92	2.88	0.00	1.92	0.00	9.30	7.16	3	12.79
1.92	2.88	0.00	1.92	0.00	9.30	7.16	28	39.32
1.53	1.02	0.00	1.92	0.00	8.88	9.43	3	4.78
2.88	1.92	0.00	1.92	0.00	9.32	7.18	3	16.11
3.05	2.04	0.00	2.04	0.00	9.65	6.31	28	43.38
2.36	1.57	0.00	1.92	0.00	9.73	7.49	7	20.42
1.73	1.16	0.00	1.92	0.00	9.47	8.57	3	6.94
2.12	1.41	0.00	2.04	0.00	9.73	7.50	7	15.03
2.36	1.57	0.00	1.92	0.00	9.73	7.49	3	13.57
1.84	1.23	0.00	2.04	0.90	5.9	8.00	90	124.53
1.67	2.50	0.00	2.04	0.00	9.76	6.93	7	15.75
1.02	1.53	0.00	1.92	0.00	8.87	9.42	7	7.68
2.88	1.92	0.00	1.92	0.00	9.32	7.18	28	38.8
2.12	1.41	0.00	2.04	0.00	9.73	7.50	28	33
1.02	1.53	0.00	1.92	0.00	8.87	9.42	28	17.28
1.73	1.16	0.00	1.92	0.00	9.47	8.57	28	24.28
1.84	1.23	0.00	2.04	0.00	9.59	8.00	28	24.05
1.33	2.00	0.00	1.92	0.00	9.27	8.39	90	36.59
1.92	2.88	0.00	1.92	0.00	9.30	7.16	90	50.73
1.33	2.00	0.00	1.92	0.00	9.27	8.39	7	13.66
3.05	2.04	0.00	2.04	0.00	9.65	6.31	3	14.14
2.36	1.57	0.00	1.92	0.00	9.73	7.49	90	47.78
1.08	1.62	0.00	2.04	0.00	9.38	8.49	3	2.33
1.57	2.36	0.00	1.92	0.00	9.35	7.81	7	16.89
2.88	1.92	0.00	1.92	0.00	9.32	7.18	7	23.52
2.12	1.41	0.00	2.04	0.00	9.73	7.50	3	6.81
2.12	1.41	0.00	2.04	0.00	9.73	7.50	90	39.7
1.53	1.02	0.00	1.92	0.00	8.88	9.43	28	17.96
2.36	1.57	0.00	1.92	0.00	9.73	7.49	28	32.88
1.16	1.73	0.00	1.92	0.00	9.10	8.92	28	22.35
1.84	1.23	0.00	2.04	0.00	9.59	8.00	7	10.79
1.08	1.62	0.00	2.04	0.00	9.38	8.49	7	7.72
2.04	3.05	0.00	2.04	0.00	9.63	6.30	28	41.68
2.04	3.05	0.00	2.04	0.00	9.63	6.30	3	9.56
1.33	2.00	0.00	1.92	0.00	9.27	8.39	3	101.45
2.88	1.92	0.00	1.92	0.00	9.32	7.18	90	50.53
2.00	1.33	0.00	1.92	0.00	9.65	8.06	7	17.17
2.00	1.33	0.00	1.92	0.00	9.65	8.06	28	30.44
2.50	1.67	0.00	2.04	0.00	9.78	6.94	3	9.73
1.23	1.84	0.00	2.04	0.00	9.58	8.00	3	3.32
1.53	1.02	0.00	1.92	0.00	8.88	9.43	90	26.32
2.00	1.33	0.00	1.92	0.00	9.65	8.06	90	43.25
1.16	1.73	0.00	1.92	0.00	9.10	8.92	3	6.28
1.73	1.16	0.00	1.92	0.00	9.47	8.57	90	32.1
2.50	1.67	0.00	2.04	0.00	9.78	6.94	28	36.96
3.05	2.04	0.00	2.04	0.00	9.65	6.31	90	54.6
1.92	2.88	0.00	1.92	0.00	9.30	7.16	7	21.48
1.57	2.36	0.00	1.92	0.00	9.35	7.81	3	9.69
1.53	1.02	0.00	1.92	0.00	8.88	9.43	7	8.37
1.41	2.12	0.00	2.04	0.00	9.72	7.49	90	39.66
1.16	1.73	0.00	1.92	0.00	9.10	8.92	7	10.09
1.41	2.12	0.00	2.04	0.00	9.72	7.49	3	134.83
1.23	1.84	0.00	2.04	0.00	9.58	8.00	7	10.35
1.67	2.50	0.00	2.04	0.00	9.76	6.93	90	43.57
2.04	3.05	0.00	2.04	0.00	9.63	6.30	90	51.86
3.10	0.00	0.00	1.92	0.00	10.12	8.30	3	11.85
3.10	0.00	0.00	1.92	0.00	10.12	8.30	7	17.24
3.10	0.00	0.00	1.92	0.00	10.12	8.30	28	27.83
3.10	0.00	0.00	1.92	0.00	10.12	8.30	90	35.76
3.10	0.00	0.00	1.92	0.00	10.12	8.30	120	38.7
3.31	0.00	0.00	1.92	0.00	10.25	8.21	3	14.31
3.31	0.00	0.00	1.92	0.00	10.25	8.21	7	17.44
3.31	0.00	0.00	1.92	0.00	10.25	8.21	28	31.74
3.31	0.00	0.00	1.92	0.00	10.25	8.21	90	37.91
3.31	0.00	0.00	1.92	0.00	10.25	8.21	120	39.38
3.49	0.00	0.00	1.92	0.00	10.56	8.09	3	15.87
3.49	0.00	0.00	1.92	0.00	10.56	8.09	7	9.01
3.49	0.00	0.00	1.92	0.00	10.56	8.09	28	33.61
3.49	0.00	0.00	1.92	0.00	10.56	8.09	90	40.66
3.49	0.00	0.00	1.92	0.00	10.56	8.09	120	.01
2.38	0.00	0.00	1.86	0.00	11.19	7.89	7	12.05
2.38	0.00	0.00	1.86	0.00	11.19	7.89	28	17.54
2.96	0.00	0.00	1.86	0.00	10.90	7.69	7	18.91
2.96	0.00	0.00	1.86	0.00	10.90	7.69	28	25.18
2.97	0.00	0.00	1.86	0.00	10.40	7.34	7	30.96
4.80	0.00	0.00	1.92	0.00	9.36	7.21	28	43.89
4.80	0.00	0.00	1.92	0.00	9.36	7.21	90	54.28
3.97	0.00	0.00	1.86	0.00	10.40	7.34	28	36.94
2.81	0.00	0.00	1.86	0.00	11.04	7.74	7	14.5
2.81	0.00	0.00	1.85	0.00	11.04	7.74	28	22.44
5.00	0.00	0.00	2.00	0.00	11.25	6.13	1	12.64
5.00	0.00	0.00	2.00	0.00	11.25	6.13	3	26.06
5.00	0.00	0.00	2.00	0.00	11.25	6.13	7	33.21
5.00	0.00	0.00	2.00	0.00	11.25	6.13	14	36.94
5.00	0.00	0.00	2.00	0.00	11.25	6.13	28	44.09
5.40	0.00	0.00	1.73	0.00	11.25	6.13	7	52.61
5.40	0.00	0.00	1.73	0.00	11.25	6.13	14	59.76
5.40	0.00	0.00	1.73	0.00	11.25	6.13	28	67.31
5.40	0.00	0.00	1.73	0.00	11.25	6.13	90	69.66
5.40	0.00	0.00	1.73	0.00	11.25	6.13	180	71.62
5.40	0.00	0.00	1.73	0.00	11.25	6.13	270	74.17
3.50	0.00	0.00	2.03	0.00	9.74	7.75	7	18.13
3.50	0.00	0.00	2.03	0.00	9.74	7.75	14	22.53
3.50	0.00	0.00	2.03	0.00	9.74	7.75	28	27.34
3.50	0.00	0.00	2.03	0.00	9.74	7.75	56	29.98
3.50	0.00	0.00	2.03	0.00	9.74	7.75	90	31.35
3.50	0.00	0.00	2.03	0.00	9.74	7.75	180	32.72
3.85	0.00	0.00	1.86	0.00	9.66	7.63	1	6.27
3.85	0.00	0.00	1.86	0.00	9.66	7.63	3	14.7
3.85	0.00	0.00	1.86	0.00	9.66	7.63	7	23.22
3.85	0.00	0.00	1.86	0.00	9.66	7.63	14	27.92
3.85	0.00	0.00	1.86	0.00	9.66	7.63	28	31.35
3.31	0.00	0.00	1.92	0.00	9.78	8.25	180	39
3.31	0.00	0.00	1.92	0.00	9.78	8.25	360	41.24
3.49	0.00	0.00	1.92	0.00	10.47	8.06	3	14.99
3.31	0.00	0.00	1.92	0.00	9.78	8.25	3	13.52
3.82	0.00	0.00	1.86	0.00	10.47	7.39	7	24
3.82	0.00	0.00	1.86	0.00	10.47	7.39	28	37.42
3.82	0.00	0.00	1.86	0.00	11.11	7.84	7	11.47
2.81	0.00	0.00	1.86	0.00	11.04	7.74	28	22.44
3.39	0.00	0.00	1.85	0.00	10.69	7.54	7	21.16
3.39	0.00	0.00	1.85	0.00	10.69	7.54	28	31.84
2.95	0.00	0.00	1.85	0.00	10.69	7.69	7	14.8
2.95	0.00	0.00	1.85	0.00	10.69	7.69	28	25.18
2.38	0.00	0.00	1.85	0.00	11.18	7.89	28	17.54
2.96	0.00	0.00	1.92	0.00	10.85	7.65	7	14.2
2.96	0.00	0.00	1.92	0.00	10.85	7.65	28	21.65
2.96	0.00	0.00	1.92	0.00	10.85	7.65	90	29.39
3.31	0.00	0.00	1.92	0.00	8.79	8.25	3	13.52
3.31	0.00	0.00	1.92	0.00	9.78	8.25	7	16.26
3.31	0.00	0.00	1.92	0.00	9.78	8.25	28	31.45
3.31	0.00	0.00	1.92	0.00	9.78	8.25	90	37.23
3.49	0.00	0.00	1.92	0.00	10.47	8.06	7	18.13
3.49	0.00	0.00	1.92	0.00	10.47	8.06	28	32.72
3.49	0.00	0.00	1.92	0.00	10.47	8.06	90	39.49
3.49	0.00	0.00	1.92	0.00	10.47	8.06	180	41.05
3.49	0.00	0.00	1.92	0.00	10.47	8.06	360	42.13
3.02	0.00	0.00	2.03	0.00	9.74	8.17	14	18.13
3.02	0.00	0.00	2.03	0.00	9.74	8.17	180	26.74
5.25	0.00	0.00	1.89	0.00	11.25	6.13	180	61.92
5.00	0.00	0.00	2.00	0.00	11.25	6.13	90	47.22
5.00	0.00	0.00	2.00	0.00	11.25	6.13	180	51.04
5.00	0.00	0.00	2.00	0.00	11.25	6.13	270	55.16
5.40	0.00	0.00	1.73	0.00	11.25	6.13	3	41.64
2.52	0.00	0.00	1.85	0.00	11.11	7.84	7	13.71
2.52	0.00	0.00	1.85	0.00	11.11	7.84	28	19.69
3.39	0.00	0.00	1.85	0.00	10.60	7.54	28	31.65
3.93	0.00	0.00	1.92	0.00	9.40	7.58	3	19.11
3.93	0.00	0.00	1.92	0.00	9.40	7.58	28	39.58
3.93	0.00	0.00	1.92	0.00	9.40	7.58	90	48.79
3.82	0.00	0.00	1.85	0.00	10.47	7.39	7	24
3.82	0.00	0.00	1.85	0.00	10.47	7.39	28	37.42
2.52	0.00	0.00	1.86	0.00	11.11	7.84	7	11.47
2.52	0.00	0.00	1.85	0.00	11.11	7.84	28	19.69
3.10	0.00	0.00	1.92	0.00	9.70	8.50	7	14.99
3.10	0.00	0.00	1.92	0.00	9.70	8.50	28	27.92
3.10	0.00	0.00	1.92	0.00	9.70	8.50	90	34.68
3.10	0.00	0.00	1.92	0.00	9.70	8.50	180	37.33
3.10	0.00	0.00	1.92	0.00	9.70	8.50	360	38.11
5.25	0.00	0.00	1.89	0.00	11.25	6.13	3	33.8
5.25	0.00	0.00	1.89	0.00	11.25	6.13	7	42.42
5.25	0.00	0.00	1.89	0.00	11.25	6.13	14	48.4
5.25	0.00	0.00	1.89	0.00	11.25	6.13	28	55.94
5.25	0.00	0.00	1.89	0.00	11.25	6.13	90	58.78
5.25	0.00	0.00	1.89	0.00	11.25	6.13	270	67.11
3.22	0.00	0.00	2.03	0.00	9.74	8.00	14	20.77
3.22	0.00	0.00	2.03	0.00	9.74	8.00	28	25.18
3.22	0.00	0.00	2.03	0.00	9.74	8.00	180	29.59
3.02	0.00	0.00	2.03	0.00	9.74	8.17	28	21.75
3.97	0.00	0.00	1.85	0.00	10.40	7.34	28	39.09
4.80	0.00	0.00	1.92	0.00	9.36	7.21	3	24.39
5.22	0.00	0.00	1.46	0.00	8.96	8.96	7	50.51
5.22	0.00	0.00	1.46	0.00	8.96	8.96	28	74.99
2.73	1.05	0.82	2.10	0.90	9.04	6.80	28	37.17
1.62	1.90	1.48	1.79	1.90	8.38	7.41	28	33.76
1.54	1.44	1.12	2.20	1.00	9.23	6.58	28	16.5
1.47	1.15	0.89	2.02	0.90	8.60	8.29	28	19.99
1.52	1.78	1.39	1.68	1.80	9.44	6.95	28	36.35
3.10	1.43	1.11	1.68	2.20	9.14	6.51	28	33.69
1.44	0.00	1.75	1.58	1.80	9.43	8.44	28	15.42
3.04	1.40	0.00	2.14	0.60	8.95	7.22	28	33.42
3.74	0.00	0.00	1.90	0.70	10.13	7.30	28	39.05
1.59	1.49	1.16	1.75	1.50	9.53	7.20	28	27.68
1.53	2.39	0.00	2.00	0.60	10.02	6.84	28	26.86
3.10	1.43	0.00	1.68	1.00	9.14	8.04	28	45.3
3.05	0.00	1.00	1.96	1.00	9.59	7.05	28	30.12
1.51	0.00	1.84	1.67	1.20	9.91	7.72	28	15.57
1.42	1.67	1.30	1.74	1.10	8.83	7.85	28	44.61
2.98	1.37	1.07	2.01	0.60	8.78	6.55	28	53.52
3.21	1.64	0.00	1.90	0.50	8.70	7.74	28	57.21
3.66	1.87	0.00	1.91	0.70	8.24	7.57	28	65.91
2.80	1.29	1.00	1.72	0.90	8.25	8.05	28	52.82
2.52	0.97	0.76	1.94	0.80	8.35	8.21	28	33.4
1.65	0.00	1.50	1.82	1.20	10.23	7.29	28	18.03
1.56	2.43	0.00	1.80	1.10	10.22	6.98	28	37.36
1.60	1.88	1.46	2.03	1.10	8.29	7.10	28	32.84
2.98	0.00	1.07	1.86	0.60	8.79	8.15	28	42.64
3.18	0.00	1.26	2.10	0.60	8.61	7.37	28	40.06
2.87	1.21	0.94	1.88	0.90	9.04	6.96	28	41.94
3.26	1.66	0.00	1.74	0.90	8.82	7.90	28	61.23
3.56	0.00	1.42	1.93	1.10	8.01	7.78	28	40.87
1.32	2.07	1.61	1.79	0.50	8.67	7.36	28	33.3
3.22	1.49	0.00	1.86	0.80	9.51	7.09	28	52.42
1.64	0.00	2.00	1.81	1.30	8.49	8.46	28	15.09
3.14	0.00	1.13	1.70	1.00	9.25	7.83	28	38.46
3.21	0.00	1.28	1.82	1.10	8.70	7.80	28	37.26
1.40	1.64	1.28	2.37	0.60	8.69	6.56	28	35.23
2.88	1.21	0.00	1.77	0.70	9.08	8.29	28	42.13
2.98	0.00	1.07	2.10	1.10	8.80	7.44	28	31.87
2.65	1.11	0.86	1.95	0.60	8.33	7.90	28	41.54
1.60	2.50	0.00	1.68	1.20	10.49	6.88	28	39.45
1.66	2.60	0.00	1.83	1.30	8.59	8.27	28	37.91
2.76	1.16	0.90	1.80	0.90	8.70	7.68	28	44.28
3.22	0.00	1.16	1.96	1.00	8.18	8.13	28	31.18
1.49	1.39	1.09	1.93	0.60	8.92	7.80	28	23.69
1.59	1.87	0.00	1.76	1.10	9.90	7.89	28	32.76
2.61	1.00	0.78	2.01	0.90	8.64	7.61	28	32.4
2.37	0.92	0.71	2.47	0.60	8.53	6.95	28	28.63
3.13	0.00	1.13	1.78	0.80	10.02	6.89	28	36.8
1.55	1.83	0.00	1.93	0.90	10.47	6.97	28	18.28
1.46	2.30	0.00	2.02	0.30	8.27	8.72	28	33.06
2.96	0.00	1.07	2.21	1.10	8.19	7.78	28	31.42
1.33	2.10	0.00	1.96	0.30	9.49	7.95	28	31.03
3.13	1.45	0.00	1.78	0.80	8.67	8.24	28	44.39
1.52	0.00	1.12	1.84	0.80	9.92	8.16	28	12.18
1.53	1.45	1.13	1.78	0.80	10.02	6.89	28	25.56
1.40	1.33	1.03	2.00	0.70	9.16	7.53	28	36.44
1.49	2.36	0.00	1.76	1.30	8.47	8.93	28	32.96
3.00	0.00	1.20	2.12	1.00	8.78	7.28	28	23.84
1.53	1.45	1.13	1.78	0.80	8.67	8.24	28	26.23
1.48	0.00	1.37	1.58	1.60	10.02	8.30	28	17.95
3.26	0.00	1.38	1.99	1.10	8.01	7.92	28	40.68
1.53	1.45	0.00	1.78	0.80	10.00	8.22	28	19.01
2.62	1.11	0.86	1.95	0.50	8.95	7.33	28	33.72
1.58	0.00	1.95	2.20	1.10	8.98	7.13	28	8.54
1.51	0.00	1.85	1.67	1.60	10.74	6.78	28	13.46
2.73	0.00	0.90	1.99	1.10	9.31	7.62	28	32.24
1.49	1.18	0.92	1.83	0.70	9.53	7.80	28	23.52
1.43	1.69	1.43	1.91	0.80	9.67	6.43	28	29.72
2.60	1.01	0.78	1.71	1.00	9.36	7.63	28	49.77
3.13	1.61	0.00	1.78	1.00	9.17	7.59	28	52.44
2.84	1.20	0.00	1.68	0.70	9.70	7.94	28	40.93
3.36	0.00	0.00	1.82	0.30	9.86	8.17	28	44.86
1.45	0.00	1.34	1.81	1.10	9.79	8.12	28	13.2
1.50	2.37	0.00	1.74	1.20	10.69	6.75	28	37.43
1.44	1.70	1.33	1.92	0.80	8.14	8.05	28	29.87
3.31	1.70	0.00	1.95	0.80	8.11	8.02	28	56.61
1.55	0.00	1.43	1.93	0.90	10.47	6.97	28	12.46
1.55	1.83	0.00	1.93	0.90	8.77	8.68	28	23.79
1.35	0.00	1.66	1.80	1.00	9.61	8.05	28	13.29
2.66	1.12	0.87	1.78	1.00	9.10	7.45	28	39.42
3.14	1.45	1.13	1.79	0.80	8.69	6.90	28	46.23
3.13	1.45	0.00	1.27	0.80	10.00	8.22	28	44.52
1.46	1.73	0.00	1.82	0.30	9.86	8.17	28	23.74
1.44	1.36	1.06	1.78	0.70	9.41	7.74	28	26.14
1.48	0.00	1.82	1.81	1.50	8.39	8.84	28	15.52
2.77	1.17	0.91	1.91	0.70	9.46	6.66	28	43.57
2.98	0.00	1.07	1.64	1.30	9.53	7.84	28	35.86
3.13	1.45	0.00	1.78	0.80	10.02	6.89	28	41.05
1.55	1.84	1.43	1.94	0.90	8.80	6.99	28	28.99
2.89	1.34	0.00	1.95	0.60	9.24	7.60	28	46.24
1.48	1.75	0.00	1.71	0.20	10.00	8.28	28	26.92
1.45	0.00	1.79	2.02	0.80	8.24	8.69	28	10.54
3.13	0.00	0.00	1.78	0.80	10.00	8.22	28	25.1
1.36	1.62	1.26	1.72	1.00	9.23	7.64	28	29.07
1.55	0.00	1.43	1.93	0.90	8.77	8.68	28	9.74
2.55	0.99	0.77	1.89	0.60	9.19	7.49	28	33.8
1.62	2.07	1.72	2.16	1.00	8.22	6.38	28	39.84
1.36	1.96	0.98	1.99	0.60	8.47	7.83	28	26.97
1.64	1.63	1.28	1.97	0.80	9.61	6.41	28	27.23
1.62	2.14	1.64	2.02	1.00	8.20	6.80	28	30.65
1.57	2.14	1.52	2.00	0.90	8.19	7.04	28	33.05
1.49	1.53	1.94	1.92	0.80	9.35	6.23	28	24.58
1.35	1.05	1.93	1.96	0.60	9.65	6.43	28	21.91
1.59	2.09	1.61	2.01	0.70	8.48	6.69	28	30.88
1.44	0.15	1.95	1.76	0.60	10.21	7.09	28	15.34
1.54	1.74	1.85	2.28	0.70	8.45	6.12	28	24.34
1.67	1.87	1.95	1.85	0.70	8.98	6.36	28	23.89
1.84	0.86	1.90	2.13	0.60	9.23	6.23	28	22.93
1.56	1.78	1.87	2.21	0.70	8.54	6.14	28	29.41
2.37	0.92	0.72	2.47	0.60	8.53	6.95	28	28.63
3.13	0.00	1.13	1.79	0.80	10.02	6.89	28	36.8
1.55	1.83	0.00	1.93	0.91	10.47	6.97	28	18.29
1.46	2.31	0.00	2.03	0.34	8.27	8.72	28	32.72
2.96	0.00	1.07	2.21	1.05	8.19	7.78	28	31.42
1.33	2.10	0.00	1.96	0.31	9.49	7.95	28	28.94
3.13	1.45	0.00	1.79	0.80	8.67	8.24	28	40.93
1.52	0.00	1.12	1.84	0.79	9.92	8.16	28	12.18
1.53	1.45	1.13	1.79	0.80	10.02	6.89	28	25.56
1.40	1.33	1.03	2.00	0.74	9.16	7.53	28	36.44
1.50	2.36	0.00	1.76	1.26	8.47	8.93	28	32.96
3.00	0.00	1.20	2.12	0.99	8.78	7.28	28	23.84
1.53	1.45	1.13	1.79	0.80	8.67	8.24	28	26.23
1.48	0.00	1.37	1.58	1.61	10.02	8.30	28	17.96
3.27	0.00	1.38	1.99	1.08	8.01	7.93	28	38.63
1.53	1.45	0.00	1.78	0.80	10.00	8.22	28	19.01
2.62	1.11	0.86	1.95	0.50	8.95	7.33	28	33.72
1.58	0.00	1.95	2.20	1.10	8.98	7.13	28	8.54
1.51	0.00	1.85	1.67	1.56	10.75	6.78	28	13.46
2.73	0.00	0.90	1.99	1.06	9.31	7.62	28	32.25
1.49	1.18	0.92	1.83	0.71	9.53	7.80	28	23.52
1.43	1.69	1.43	1.91	0.84	9.67	6.44	28	29.73
2.60	1.01	0.78	1.71	1.04	9.36	7.63	28	49.77
3.13	1.61	0.00	1.78	0.96	9.17	7.60	28	52.45
2.84	1.20	0.00	1.68	0.72	9.70	7.94	28	40.93
3.37	0.00	0.00	1.82	0.34	9.86	8.17	28	44.87
1.45	0.00	1.34	1.81	1.11	9.80	8.12	28	13.2
1.50	2.37	0.00	1.74	1.19	10.69	6.75	28	37.43
1.44	1.70	1.33	1.92	0.85	8.14	8.05	28	29.87
3.31	1.70	0.00	1.95	0.81	8.11	8.02	28	56.62
1.55	0.00	1.43	1.93	0.91	10.47	6.97	28	12.46
1.55	1.83	0.00	1.93	0.91	8.77	8.68	28	23.79
1.35	0.00	1.66	1.80	1.00	9.61	8.05	28	13.29
2.66	1.12	0.88	1.78	1.04	9.10	7.45	28	39.42
3.14	1.45	1.13	1.79	0.80	8.69	6.90	28	46.23
3.13	1.45	0.00	1.27	0.80	10.00	8.22	28	44.52
1.46	1.73	0.00	1.82	0.34	9.86	8.17	28	23.74
1.44	1.36	1.06	1.78	0.75	9.42	7.74	28	26.15
1.48	0.00	1.82	1.81	1.50	8.39	8.84	28	15.53
2.77	1.17	0.91	1.91	0.70	9.47	6.66	28	43.58
2.98	0.00	1.08	1.64	1.28	9.53	7.84	28	35.87
3.13	1.45	0.00	1.79	0.80	10.02	6.89	28	41.05
1.55	1.84	1.43	1.94	0.92	8.80	6.99	28	28.99
2.89	1.34	0.00	1.95	0.55	9.24	7.60	28	46.25
1.48	1.75	0.00	1.71	0.22	10.00	8.29	28	26.92
1.45	0.00	1.79	2.02	0.78	8.24	8.69	28	10.54
3.13	0.00	0.00	1.78	0.80	10.00	8.22	28	25.1
1.36	1.62	1.26	1.72	1.04	9.23	7.64	28	29.07
1.55	0.00	1.43	1.93	0.91	8.77	8.68	28	9.74
2.55	0.99	0.77	1.89	0.65	9.19	7.49	28	33.8
2.73	1.05	0.82	2.10	0.90	9.04	6.80	28	37.17
1.62	1.90	1.48	1.79	1.88	8.38	7.41	28	33.76
1.54	1.44	1.12	2.20	1.01	9.23	6.58	28	16.5
1.47	1.15	0.89	2.02	0.88	8.60	8.30	28	19.99
1.52	1.78	1.39	1.68	1.83	9.44	6.95	28	36.35
3.10	1.43	1.11	1.68	2.21	9.14	6.51	28	38.22
1.44	0.00	1.75	1.58	1.79	9.43	8.45	28	15.42
3.04	1.40	0.00	2.14	0.62	8.96	7.23	28	33.42
3.74	0.00	0.00	1.90	0.67	10.13	7.30	28	39.06
1.59	1.49	1.16	1.75	1.50	9.53	7.20	28	27.68
1.53	2.39	0.00	2.00	0.63	10.02	6.84	28	26.86
3.10	1.43	0.00	1.68	1.00	9.14	8.04	28	45.3
3.05	0.00	1.00	1.96	0.98	9.59	7.05	28	30.12
1.51	0.00	1.84	1.67	1.16	9.91	7.72	28	15.57
1.42	1.67	1.30	1.74	1.09	8.83	7.85	28	44.61
2.98	1.37	1.07	2.01	0.60	8.78	6.55	28	53.52
3.21	1.64	0.00	1.91	0.46	8.70	7.74	28	57.22
3.66	1.87	0.00	1.91	0.66	8.24	7.57	28	65.91
2.80	1.29	1.00	1.72	0.95	8.25	8.05	28	52.83
2.52	0.97	0.76	1.94	0.83	8.36	8.21	28	33.4
1.65	0.00	1.50	1.82	1.17	10.23	7.29	28	18.03
1.56	2.44	0.00	1.80	1.07	10.22	6.98	28	37.36
1.60	1.88	1.46	2.03	1.13	8.29	7.10	28	35.31
2.98	0.00	1.07	1.86	0.61	8.79	8.15	28	42.64
3.18	0.00	1.27	2.10	0.57	8.61	7.37	28	40.06
2.87	1.21	0.94	1.88	0.92	9.04	6.96	28	132.45
3.26	1.66	0.00	1.74	0.89	8.82	7.90	28	61.24
3.56	0.00	1.42	1.93	1.10	8.01	7.78	28	40.87
1.32	2.07	1.61	1.79	0.55	8.67	7.36	28	33.31
3.23	1.49	0.00	1.86	0.85	9.51	7.10	28	52.43
1.64	0.00	2.00	1.81	1.26	8.49	8.46	28	15.09
3.14	0.00	1.13	1.70	1.01	9.25	7.83	28	38.46
3.21	0.00	1.28	1.83	1.15	8.70	7.80	28	37.27
1.40	1.64	1.28	2.37	0.58	8.69	6.56	28	35.23
2.88	1.21	0.00	1.77	0.70	9.08	8.30	28	42.14
2.98	0.00	1.07	2.10	1.11	8.80	7.44	28	31.88
2.65	1.11	0.87	1.96	0.59	8.33	7.90	28	41.54
1.60	2.50	0.00	1.68	1.22	10.49	6.88	28	39.46
1.66	2.60	0.00	1.83	1.27	8.59	8.27	28	37.92
2.76	1.16	0.90	1.80	0.89	8.70	7.68	28	44.28
3.22	0.00	1.16	1.96	1.04	8.18	8.13	28	31.18
1.49	1.39	1.09	1.93	0.61	8.92	7.80	28	23.7
1.59	1.87	0.00	1.76	1.13	9.90	7.89	28	32.77
2.61	1.01	0.78	2.01	0.86	8.65	7.62	28	32.4
